Time Stamp,RX Octs,TX Octs,RX Pkts,TX Pkts,RX Drop Events,Status,RX Undersize Pkts,Status.1,RX Fragments,Status.2,RX 64Octs,TX 64Octs,RX 65 to 127Octs,TX 65 to 127Octs,RX 128 to 255Octs,TX 128 to 255Octs,RX 256 to 511Octs,TX 256 to 511Octs,RX 512 to 1023Octs,TX 512 to 1023Octs,RX 1024 to 1518Octs,TX 1024 to 1518Octs,RX CRC Alignment Errors,Status.3,RX Oversize Pkts,Status.4,TX Oversize Pkts,RX Jabbers,RX Multicast Pkts,TX Multicast Pkts,RX Broadcast Pkts,TX Broadcast Pkts,TX Collisions,Status.5,RX Unknown TPID,RX Unknown VID,RX MAC Limit,RX Filter Discard,RX QoS Discard,TX Queue0 Discard,TX Queue1 Discard,TX Queue2 Discard,TX Queue3 Discard,TX Queue4 Discard,TX Queue5 Discard,TX Queue6 Discard,TX Queue7 Discard,Record Status
00:15,25792757361,3221328859,23905077,10385737,0,NORMAL,0,NORMAL,0,NORMAL,2220,227701,2337428,5186019,1702863,2535985,1445497,560485,788146,599827,17628383,1245680,0,NORMAL,0,NORMAL,0,0,4401,180,2142,2,0,NORMAL,0,0,0,0,0,0,0,0,0,0,0,0,0,VALID
00:30,24300315230,2580812582,22417857,9398330,0,NORMAL,0,NORMAL,0,NORMAL,2156,227688,2123891,5031855,1503570,2254949,1526783,525966,695973,497324,16555152,830521,0,NORMAL,0,NORMAL,0,0,4400,180,2250,0,0,NORMAL,0,0,0,0,0,0,0,0,0,0,0,0,0,VALID
00:45,24001613608,2412028555,21709479,8933771,0,NORMAL,0,NORMAL,0,NORMAL,2208,261253,1884114,4743782,1478469,2179325,1315964,507028,603147,455653,16425248,757025,0,NORMAL,0,NORMAL,0,0,4431,180,2383,1,0,NORMAL,0,0,0,0,0,0,0,0,0,0,0,0,0,VALID
01:00,21094414073,2337882910,19317594,8352994,0,NORMAL,0,NORMAL,0,NORMAL,2240,242256,1795304,4619920,1454806,1765624,1068814,464486,535976,410094,14451481,820623,0,NORMAL,0,NORMAL,0,0,4351,179,2146,0,0,NORMAL,0,0,0,0,0,0,0,0,0,0,0,0,0,VALID
01:15,20849957333,2302874723,19012587,7946501,0,NORMAL,0,NORMAL,0,NORMAL,2156,216955,1709574,4269902,1360026,1663536,1167752,594570,524625,366399,14247670,805254,0,NORMAL,0,NORMAL,0,0,4380,180,2275,0,0,NORMAL,0,0,0,0,0,0,0,0,0,0,0,0,0,VALID
01:30,17828887829,2179559397,16535988,7104430,0,NORMAL,0,NORMAL,0,NORMAL,2028,222006,1580624,3680369,1183456,1427603,1092215,576411,483942,370428,12193490,798147,0,NORMAL,0,NORMAL,0,0,4385,180,2624,1,0,NORMAL,0,0,0,0,0,0,0,0,0,0,0,0,0,VALID
01:45,16904738824,2454493523,15663572,6987993,0,NORMAL,0,NORMAL,0,NORMAL,2048,222144,1580917,3493792,1124134,1364812,946129,504153,356622,338403,11653658,1035749,0,NORMAL,0,NORMAL,0,0,4363,177,2657,1,0,NORMAL,0,0,0,0,0,0,0,0,0,0,0,0,0,VALID
02:00,16870746567,2177972211,15500625,7050823,0,NORMAL,0,NORMAL,0,NORMAL,2611,244733,1456438,3702940,1248764,1474743,926890,475305,356241,300974,11444106,823548,0,NORMAL,0,NORMAL,0,0,4454,180,2670,1,0,NORMAL,0,0,0,0,0,0,0,0,0,0,0,0,0,VALID
02:15,15417217506,1973710525,14600167,6290711,0,NORMAL,0,NORMAL,0,NORMAL,24942,225768,1540005,3166878,1176025,1444079,958373,381885,414548,330252,10444584,712558,0,NORMAL,0,NORMAL,0,0,4441,180,2580,0,0,NORMAL,0,0,0,0,0,0,0,0,0,0,0,0,0,VALID
02:30,14139489762,2107040618,13280076,6037462,0,NORMAL,0,NORMAL,0,NORMAL,13109,240544,1387820,2895503,1078429,1350181,761009,359857,397463,280755,9618022,882355,0,NORMAL,0,NORMAL,0,0,4428,180,2378,0,0,NORMAL,0,0,0,0,0,0,0,0,0,0,0,0,0,VALID
02:45,11378867676,2006457910,11061017,5581766,0,NORMAL,0,NORMAL,0,NORMAL,12695,252704,1371237,2584121,1027661,1268082,609660,330756,327216,252839,7687486,865561,0,NORMAL,0,NORMAL,0,0,4501,180,2382,1,0,NORMAL,0,0,0,0,0,0,0,0,0,0,0,0,0,VALID
03:00,12103937850,1647579719,11351762,5026707,0,NORMAL,0,NORMAL,0,NORMAL,16687,252677,1272517,2361425,953767,1274098,523699,250984,251857,218395,8317659,642066,0,NORMAL,0,NORMAL,0,0,4404,178,2259,2,0,NORMAL,0,0,0,0,0,0,0,0,0,0,0,0,0,VALID
03:15,10060114847,1732957833,9759476,4697451,0,NORMAL,0,NORMAL,0,NORMAL,17981,255667,1289150,2040981,941839,1180867,407979,225364,227023,231270,6851592,736345,0,NORMAL,0,NORMAL,0,0,4431,180,2209,1,0,NORMAL,0,0,0,0,0,0,0,0,0,0,0,0,0,VALID
03:30,10183207032,1803959364,9695496,4646206,0,NORMAL,0,NORMAL,0,NORMAL,5687,263241,1359588,2094680,845736,1098578,314725,152474,193764,201719,6970968,808395,0,NORMAL,0,NORMAL,0,0,4406,180,2246,1,0,NORMAL,0,0,0,0,0,0,0,0,0,0,0,0,0,VALID
03:45,9464029970,1543782637,8867215,4427069,0,NORMAL,0,NORMAL,0,NORMAL,28645,249808,1032031,2094906,833292,1069252,323778,142473,226602,193322,6390247,650835,0,NORMAL,0,NORMAL,0,0,4396,180,2313,0,0,NORMAL,0,0,0,0,0,0,0,0,0,0,0,0,0,VALID
04:00,8592973596,1631511654,8151327,4146609,0,NORMAL,0,NORMAL,0,NORMAL,5262,262047,1010771,1856293,808674,933504,295008,123589,230131,191371,5797779,752727,0,NORMAL,0,NORMAL,0,0,4390,178,2161,0,0,NORMAL,0,0,0,0,0,0,0,0,0,0,0,0,0,VALID
04:15,9492944379,1537314991,8615627,4153892,0,NORMAL,0,NORMAL,0,NORMAL,1942,275058,937467,1899590,745149,946541,240954,125301,216915,200660,6473142,680376,0,NORMAL,0,NORMAL,0,0,4378,180,2186,0,0,NORMAL,0,0,0,0,0,0,0,0,0,0,0,0,0,VALID
04:30,9403282386,1699331045,8744652,4164667,0,NORMAL,0,NORMAL,0,NORMAL,3444,251239,941018,1722661,796063,996714,278463,127738,259531,256860,6464517,782983,0,NORMAL,0,NORMAL,0,0,4380,180,2312,0,0,NORMAL,0,0,0,0,0,0,0,0,0,0,0,0,0,VALID
04:45,7759861382,1555387033,7437733,3947495,0,NORMAL,0,NORMAL,0,NORMAL,1926,243812,777958,1623232,753800,945432,407436,137264,302282,281515,5194293,690173,0,NORMAL,0,NORMAL,0,0,4411,181,2702,2,0,NORMAL,0,0,0,0,0,0,0,0,0,0,0,0,0,VALID
05:00,6505880239,1300471246,6473490,3519542,0,NORMAL,0,NORMAL,0,NORMAL,1977,227641,753338,1468042,677064,848147,365579,129201,313611,270000,4361875,550460,0,NORMAL,0,NORMAL,0,0,4406,178,2561,1,0,NORMAL,0,0,0,0,0,0,0,0,0,0,0,0,0,VALID
05:15,6969252191,1226712842,6861132,3482288,0,NORMAL,0,NORMAL,0,NORMAL,2184,230654,814923,1406747,678085,919856,388457,136030,304517,276878,4672864,485641,0,NORMAL,0,NORMAL,0,0,4385,180,2493,0,0,NORMAL,0,0,0,0,0,0,0,0,0,0,0,0,0,VALID
05:30,8362912561,1342255208,8056368,3737992,0,NORMAL,0,NORMAL,0,NORMAL,1960,246683,1093385,1630433,614318,877013,454619,135502,317254,265937,5574778,549757,0,NORMAL,0,NORMAL,0,0,4389,180,2811,0,0,NORMAL,0,0,0,0,0,0,0,0,0,0,0,0,0,VALID
05:45,9039589190,1428210396,8591526,4079928,0,NORMAL,0,NORMAL,0,NORMAL,1876,227120,1026414,1849845,627030,928998,499261,180755,321206,275500,6115700,591698,0,NORMAL,0,NORMAL,0,0,4402,180,2694,0,0,NORMAL,0,0,0,0,0,0,0,0,0,0,0,0,0,VALID
06:00,9786021047,1608754160,9296240,4462705,0,NORMAL,0,NORMAL,0,NORMAL,1929,244596,1246465,2041639,671623,950106,412591,201916,292940,322337,6670648,675873,0,NORMAL,0,NORMAL,0,0,4368,180,2636,1,0,NORMAL,0,0,0,0,0,0,0,0,0,0,0,0,0,VALID
06:15,10169415764,1588700917,9653617,4382855,0,NORMAL,0,NORMAL,0,NORMAL,1916,230538,1201168,1925391,699552,981749,461700,233275,307657,313740,6981584,671277,0,NORMAL,0,NORMAL,0,0,4328,178,2266,0,0,NORMAL,0,0,0,0,0,0,0,0,0,0,0,0,0,VALID
06:30,10958800214,1993308535,10384615,5213364,0,NORMAL,0,NORMAL,0,NORMAL,2767,218010,1418016,2381827,778349,1116766,380644,210482,295412,353908,7508557,904357,0,NORMAL,0,NORMAL,0,0,4370,180,2337,0,0,NORMAL,0,0,0,0,0,0,0,0,0,0,0,0,0,VALID
06:45,14129563670,1923639850,12683217,5525017,0,NORMAL,0,NORMAL,0,NORMAL,2242,219374,1282808,2533273,834938,1306109,394679,237322,325628,380453,9842814,820519,0,NORMAL,0,NORMAL,0,0,4547,180,2430,1,0,NORMAL,0,0,0,0,0,0,0,0,0,0,0,0,0,VALID
07:00,14710560080,2245819603,13454480,5964165,0,NORMAL,0,NORMAL,0,NORMAL,2234,234105,1539237,2700615,878072,1395255,436409,223389,366440,356589,10214544,1025920,0,NORMAL,0,NORMAL,0,0,4579,180,2363,0,0,NORMAL,0,0,0,0,0,0,0,0,0,0,0,0,0,VALID
07:15,14424238103,2241569133,13315552,6213151,0,NORMAL,0,NORMAL,0,NORMAL,2415,234408,1734976,2975393,797210,1381339,440533,256276,429968,395609,9909552,941792,0,NORMAL,0,NORMAL,0,0,4523,179,2217,1,0,NORMAL,0,0,0,0,0,0,0,0,0,0,0,0,0,VALID
07:30,16263785301,2252087183,14654143,6962798,0,NORMAL,0,NORMAL,0,NORMAL,2295,220944,1733609,3484360,835513,1663953,477570,282536,428203,417074,11032483,864855,0,NORMAL,0,NORMAL,0,0,4544,180,2252,0,0,NORMAL,0,0,0,0,0,0,0,0,0,0,0,0,0,VALID
07:45,15410571662,2684635484,14239026,6944674,0,NORMAL,0,NORMAL,0,NORMAL,4204,233349,1809933,3182975,956209,1475568,486384,305902,414590,491467,10565565,1225767,0,NORMAL,0,NORMAL,0,0,4437,180,2451,0,0,NORMAL,0,0,0,0,0,0,0,0,0,0,0,0,0,VALID
08:00,17237321953,2872574683,15869268,7769813,0,NORMAL,0,NORMAL,0,NORMAL,2744,248567,2044549,3673004,1061189,1733949,500110,302730,389367,461385,11870481,1320624,0,NORMAL,0,NORMAL,0,0,4369,180,2458,0,0,NORMAL,0,0,0,0,0,0,0,0,0,0,0,0,0,VALID
08:15,17166777982,2342756286,15440081,7007712,0,NORMAL,0,NORMAL,0,NORMAL,2366,234220,1662618,3462028,1076761,1657835,486153,306752,302777,345072,11908761,972046,0,NORMAL,0,NORMAL,0,0,4326,178,2212,0,0,NORMAL,0,0,0,0,0,0,0,0,0,0,0,0,0,VALID
08:30,19116481988,2564248980,17046428,7491114,0,NORMAL,0,NORMAL,0,NORMAL,2954,259548,1923455,3686414,1080344,1793243,496926,300064,275283,320124,13266149,1101808,0,NORMAL,0,NORMAL,0,0,4377,181,2179,1,0,NORMAL,0,0,0,0,0,0,0,0,0,0,0,0,0,VALID
08:45,20820654443,2321064696,18513855,7633185,0,NORMAL,0,NORMAL,0,NORMAL,2889,255170,2146534,3845448,1117271,1992493,495118,283627,308151,345632,14443081,880906,0,NORMAL,0,NORMAL,0,0,4374,179,2346,0,0,NORMAL,0,0,0,0,0,0,0,0,0,0,0,0,0,VALID
09:00,22735328835,2625423096,19848734,8080697,0,NORMAL,0,NORMAL,0,NORMAL,2644,254332,2003453,4094187,1108224,1959887,535252,303468,352801,351934,15845694,1086682,0,NORMAL,0,NORMAL,0,0,4362,181,2367,0,0,NORMAL,0,0,0,0,0,0,0,0,0,0,0,0,0,VALID
09:15,23770649377,2508902505,20614153,8628591,0,NORMAL,0,NORMAL,0,NORMAL,2337,224803,2081530,4674929,1142418,2060143,562965,345321,386514,362452,16438351,931158,0,NORMAL,0,NORMAL,0,0,4323,178,2165,0,0,NORMAL,0,0,0,0,0,0,0,0,0,0,0,0,0,VALID
09:30,23307426711,2391331375,20555008,8571239,0,NORMAL,0,NORMAL,0,NORMAL,2400,243652,2168126,4595402,1299267,2236870,541715,277203,346540,355988,16194560,831707,0,NORMAL,0,NORMAL,0,0,4375,180,2320,1,0,NORMAL,0,0,0,0,0,0,0,0,0,0,0,0,0,VALID
09:45,22992516565,2362719363,20279297,8563541,0,NORMAL,0,NORMAL,0,NORMAL,2503,263201,2076219,4664957,1262970,2112649,588187,330061,380063,369374,15969270,793380,0,NORMAL,0,NORMAL,0,0,4402,180,2409,0,0,NORMAL,0,0,0,0,0,0,0,0,0,0,0,0,0,VALID
10:00,24010772664,2703828759,21165396,8894008,0,NORMAL,0,NORMAL,0,NORMAL,28686,252429,2225964,4678468,1228610,2132266,630641,387577,388599,402550,16626383,1010545,0,NORMAL,0,NORMAL,0,0,4362,180,2379,0,0,NORMAL,0,0,0,0,0,0,0,0,0,0,0,0,0,VALID
10:15,25261372363,2919496216,22149914,9086532,0,NORMAL,0,NORMAL,0,NORMAL,70057,228588,2106199,4641770,1257825,2123231,673498,415438,447444,474195,17523638,1173477,0,NORMAL,0,NORMAL,0,0,4366,181,1413,1,0,NORMAL,0,0,0,0,0,0,0,0,0,0,0,0,0,VALID
10:30,23958263893,2714914104,21262732,9015338,0,NORMAL,0,NORMAL,0,NORMAL,1545,232920,2264915,4639651,1308130,2169853,647483,461067,415669,526912,16624936,955089,0,NORMAL,0,NORMAL,0,0,4326,178,1493,0,0,NORMAL,0,0,0,0,0,0,0,0,0,0,0,0,0,VALID
10:45,25984319389,2335870292,22504386,8925915,0,NORMAL,0,NORMAL,0,NORMAL,1413,214356,2115729,4890855,1258419,2257763,629296,396298,411092,419533,18087861,717135,0,NORMAL,0,NORMAL,0,0,4368,180,1523,1,0,NORMAL,0,0,0,0,0,0,0,0,0,0,0,0,0,VALID
11:00,27388493058,2614149274,23945337,9892110,0,NORMAL,0,NORMAL,0,NORMAL,2248,223409,2388176,5475751,1361085,2446683,684176,426165,506029,490062,19002451,800370,0,NORMAL,0,NORMAL,0,0,4369,180,1317,0,0,NORMAL,0,0,0,0,0,0,0,0,0,0,0,0,0,VALID
11:15,25990650911,2796810181,23059890,9974748,0,NORMAL,0,NORMAL,0,NORMAL,1426,224727,2527092,5365705,1281641,2462697,703717,428174,520983,525950,18024687,937578,0,NORMAL,0,NORMAL,0,0,4395,180,1233,3,0,NORMAL,0,0,0,0,0,0,0,0,0,0,0,0,0,VALID
11:30,27508569305,3057329118,24248586,10485350,0,NORMAL,0,NORMAL,0,NORMAL,12660,230153,2530968,5493558,1421302,2644210,727196,465753,530673,523691,19012602,1098478,0,NORMAL,0,NORMAL,0,0,4325,178,1217,0,0,NORMAL,0,0,0,0,0,0,0,0,0,0,0,0,0,VALID
11:45,29430920456,3651348453,26482534,12366297,0,NORMAL,0,NORMAL,0,NORMAL,22009,236146,2855315,6359835,1756497,3152588,913999,598423,700499,675280,20212482,1313804,0,NORMAL,0,NORMAL,0,0,4388,180,1292,0,0,NORMAL,0,0,0,0,0,0,0,0,0,0,0,0,0,VALID
12:00,28412316826,3530524702,25784875,12011588,0,NORMAL,0,NORMAL,0,NORMAL,1622,244718,2757432,5953553,1703849,3263093,1064612,637238,636083,610242,19619936,1272994,0,NORMAL,0,NORMAL,0,0,4368,180,1358,1,0,NORMAL,0,0,0,0,0,0,0,0,0,0,0,0,0,VALID
12:15,29973342523,3697321030,26909413,12707007,0,NORMAL,0,NORMAL,0,NORMAL,1984,255168,2935594,6421733,1670435,3417182,914383,605688,659997,690184,20726034,1287219,0,NORMAL,0,NORMAL,0,0,4368,179,1190,0,0,NORMAL,0,0,0,0,0,0,0,0,0,0,0,0,0,VALID
12:30,31515387043,4178842789,28431973,13129051,0,NORMAL,0,NORMAL,0,NORMAL,73795,261745,3186313,6299738,1744346,3554807,1082753,693465,667240,675171,21605141,1613283,0,NORMAL,0,NORMAL,0,0,4356,181,1231,1,0,NORMAL,0,0,0,0,0,0,0,0,0,0,0,0,0,VALID
12:45,30893934367,3894363335,28702707,12953401,0,NORMAL,0,NORMAL,0,NORMAL,12712,253098,3138789,6474425,1663315,3388509,2152460,753790,799820,678974,20924312,1373876,0,NORMAL,0,NORMAL,0,0,4315,178,1280,0,0,NORMAL,0,0,0,0,0,0,0,0,0,0,0,0,0,VALID
13:00,34250436290,3740058312,31065129,13724067,0,NORMAL,0,NORMAL,0,NORMAL,26807,252840,3195389,7281313,1741257,3599134,1886816,725536,778745,638700,23404966,1196688,0,NORMAL,0,NORMAL,0,0,4365,180,1400,0,0,NORMAL,0,0,0,0,0,0,0,0,0,0,0,0,0,VALID
13:15,34015738091,3371210559,30576374,13017785,0,NORMAL,0,NORMAL,0,NORMAL,36893,236837,2967422,6958469,1703487,3616005,1703970,583318,707174,587794,23276501,1005843,0,NORMAL,0,NORMAL,0,0,4362,180,1610,2,0,NORMAL,0,0,0,0,0,0,0,0,0,0,0,0,0,VALID
13:30,33241568923,3406832636,29432906,12661268,0,NORMAL,0,NORMAL,0,NORMAL,13473,218330,2900336,6701782,1622642,3484818,1201758,564248,678259,561958,22982766,1100308,0,NORMAL,0,NORMAL,0,0,4361,180,1209,0,0,NORMAL,0,0,0,0,0,0,0,0,0,0,0,0,0,VALID
13:45,32261898563,3410070666,28469564,12240968,0,NORMAL,0,NORMAL,0,NORMAL,1610,195378,2857542,6538063,1591682,3195918,1030505,534207,676369,645811,22300151,1101763,0,NORMAL,0,NORMAL,0,0,4316,179,1288,1,0,NORMAL,0,0,0,0,0,0,0,0,0,0,0,0,0,VALID
14:00,34578046675,3396913780,30318683,13052515,0,NORMAL,0,NORMAL,0,NORMAL,1695,202889,3025092,6913422,1681819,3664387,993076,620051,674725,612899,23939917,1009220,0,NORMAL,0,NORMAL,0,0,4359,179,1412,0,0,NORMAL,0,0,0,0,0,0,0,0,0,0,0,0,0,VALID
14:15,29608551557,3434650280,26702445,12061505,0,NORMAL,0,NORMAL,0,NORMAL,1608,225696,3034541,6169332,1668359,3345453,907705,550225,673196,531104,20416169,1209834,0,NORMAL,0,NORMAL,0,0,4378,181,1492,1,0,NORMAL,0,0,0,0,0,0,0,0,0,0,0,0,0,VALID
14:30,28875023929,3636958902,26375470,12437135,0,NORMAL,0,NORMAL,0,NORMAL,1590,228879,3067886,6190318,1748170,3448394,1038894,617680,709348,651009,19808843,1271200,0,NORMAL,0,NORMAL,0,0,4372,180,1541,1,0,NORMAL,0,0,0,0,0,0,0,0,0,0,0,0,0,VALID
14:45,27475633884,3699632957,25191749,11526616,0,NORMAL,0,NORMAL,0,NORMAL,10344,233256,2797152,5711779,1611864,2827167,1141933,653036,778211,683541,18843145,1388070,0,NORMAL,0,NORMAL,0,0,4327,178,1558,0,0,NORMAL,0,0,0,0,0,0,0,0,0,0,0,0,0,VALID
15:00,26185355320,3258821791,24204140,10884259,0,NORMAL,0,NORMAL,0,NORMAL,33903,242625,2673162,5433208,1731402,2850259,1104695,572014,752501,652803,17876019,1103663,0,NORMAL,0,NORMAL,0,0,4365,180,1356,1,0,NORMAL,0,0,0,0,0,0,0,0,0,0,0,0,0,VALID
15:15,27535208632,3225257010,24957167,11128921,0,NORMAL,0,NORMAL,0,NORMAL,1733,225729,2724065,5641703,1540810,2977961,1106102,600984,666238,574418,18917262,1078188,0,NORMAL,0,NORMAL,0,0,4376,181,1226,0,0,NORMAL,0,0,0,0,0,0,0,0,0,0,0,0,0,VALID
15:30,29884958461,3231525178,26377081,11619627,0,NORMAL,0,NORMAL,0,NORMAL,16040,245935,2641999,6133849,1482982,3049252,944385,527389,598486,570133,20678204,1063502,0,NORMAL,0,NORMAL,0,0,4381,179,1218,1,0,NORMAL,0,0,0,0,0,0,0,0,0,0,0,0,0,VALID
15:45,27555719168,3021112676,24884320,11017994,0,NORMAL,0,NORMAL,0,NORMAL,27812,223150,2671622,5635920,1477972,3088202,1102144,527877,624855,551744,18951125,961378,0,NORMAL,0,NORMAL,0,0,4329,179,1412,0,0,NORMAL,0,0,0,0,0,0,0,0,0,0,0,0,0,VALID
16:00,28192047644,2986779814,25240264,11017238,0,NORMAL,0,NORMAL,0,NORMAL,19230,227070,2616815,5684667,1457827,3019518,1058677,539429,610880,625727,19456867,891114,0,NORMAL,0,NORMAL,0,0,4365,180,1553,1,0,NORMAL,0,0,0,0,0,0,0,0,0,0,0,0,0,VALID
16:15,27025956635,3051026338,24123230,10925810,0,NORMAL,0,NORMAL,0,NORMAL,16042,257796,2440650,5488775,1531883,3071357,898245,490722,579104,599313,18638769,987858,0,NORMAL,0,NORMAL,0,0,4370,180,1247,0,0,NORMAL,0,0,0,0,0,0,0,0,0,0,0,0,0,VALID
16:30,28071687841,3358346558,25303825,11716159,0,NORMAL,0,NORMAL,0,NORMAL,28366,225039,2894571,5861992,1551685,3350609,882123,492246,525515,608218,19385989,1148317,0,NORMAL,0,NORMAL,0,0,4417,180,1252,0,0,NORMAL,0,0,0,0,0,0,0,0,0,0,0,0,0,VALID
16:45,28502745444,3519849266,25645969,11478922,0,NORMAL,0,NORMAL,0,NORMAL,41806,225679,2943576,5665442,1608798,3149572,742467,460396,571449,610304,19693450,1337765,0,NORMAL,0,NORMAL,0,0,4566,180,1295,1,0,NORMAL,0,0,0,0,0,0,0,0,0,0,0,0,0,VALID
17:00,28328615381,3003733772,25521770,11704454,0,NORMAL,0,NORMAL,0,NORMAL,36223,235249,3113694,6112113,1552292,3374004,798362,504509,595618,559428,19387711,889424,0,NORMAL,0,NORMAL,0,0,4475,177,1349,0,0,NORMAL,0,0,0,0,0,0,0,0,0,0,0,0,0,VALID
17:15,34201424483,3645401278,29746486,12888732,0,NORMAL,0,NORMAL,0,NORMAL,20718,243706,2761814,6827532,1715398,3308791,1004739,582832,651927,607751,23567804,1288257,0,NORMAL,0,NORMAL,0,0,4532,180,1326,0,0,NORMAL,0,0,0,0,0,0,0,0,0,0,0,0,0,VALID
17:30,32672406899,3329184783,28480013,12328989,0,NORMAL,0,NORMAL,0,NORMAL,18025,253812,2617289,6598131,1672699,3215049,967816,555397,592086,606045,22595455,1070187,0,NORMAL,0,NORMAL,0,0,4567,181,1270,0,0,NORMAL,0,0,0,0,0,0,0,0,0,0,0,0,0,VALID
17:45,32703935499,3588192228,29140247,12731553,0,NORMAL,0,NORMAL,0,NORMAL,7268,229311,2991582,6591803,1763037,3413980,1067904,602673,656937,617247,22646769,1246801,0,NORMAL,0,NORMAL,0,0,4569,180,1347,0,0,NORMAL,0,0,0,0,0,0,0,0,0,0,0,0,0,VALID
18:00,31571978352,3656598605,27810221,12547459,0,NORMAL,0,NORMAL,0,NORMAL,51698,248977,2749496,6764252,1586362,2984353,1018266,546960,697056,632952,21651194,1337774,0,NORMAL,0,NORMAL,0,0,4588,178,1425,1,0,NORMAL,0,0,0,0,0,0,0,0,0,0,0,0,0,VALID
18:15,30678851142,3718689885,27537676,12555609,0,NORMAL,0,NORMAL,0,NORMAL,74335,241841,2761594,6666826,1617901,3006155,1316763,580745,739637,642930,20951925,1387057,0,NORMAL,0,NORMAL,0,0,4587,180,1320,0,0,NORMAL,0,0,0,0,0,0,0,0,0,0,0,0,0,VALID
18:30,29823100602,3484112556,26668388,12133621,0,NORMAL,0,NORMAL,0,NORMAL,65139,228283,2889903,6384585,1583037,3119035,965388,553013,587321,575417,20509853,1242580,0,NORMAL,0,NORMAL,0,0,4557,180,1214,1,0,NORMAL,0,0,0,0,0,0,0,0,0,0,0,0,0,VALID
18:45,29879845149,3543406099,26940626,12328749,0,NORMAL,0,NORMAL,0,NORMAL,72372,217357,3057764,6428369,1663528,3293770,847682,505877,625010,605402,20594958,1247711,0,NORMAL,0,NORMAL,0,0,4387,180,1360,0,0,NORMAL,0,0,0,0,0,0,0,0,0,0,0,0,0,VALID
19:00,31512766337,4549965130,28663447,13628258,0,NORMAL,0,NORMAL,0,NORMAL,27435,229720,3166632,6631162,2056947,3612069,886813,570714,749681,700617,21747926,1853791,0,NORMAL,0,NORMAL,0,0,4317,179,2159,1,0,NORMAL,0,0,0,0,0,0,0,0,0,0,0,0,0,VALID
19:15,32052411707,4337063982,29615606,13523696,0,NORMAL,0,NORMAL,0,NORMAL,25979,243688,3635544,6611745,2011152,3672625,990424,564082,884143,730642,22041894,1670363,0,NORMAL,0,NORMAL,0,0,4363,180,2612,1,0,NORMAL,0,0,0,0,0,0,0,0,0,0,0,0,0,VALID
19:30,32280261430,4643533555,29825755,14008962,0,NORMAL,0,NORMAL,0,NORMAL,14566,240172,3590434,6563330,2092746,3877141,1062343,653981,858783,829534,22194343,1814736,0,NORMAL,0,NORMAL,0,0,4381,180,2363,0,0,NORMAL,0,0,0,0,0,0,0,0,0,0,0,0,0,VALID
19:45,33019667265,4507395588,30294499,14213646,0,NORMAL,0,NORMAL,0,NORMAL,37071,241119,3411853,6780665,2137263,3867527,1157892,750699,908745,859555,22602282,1683890,0,NORMAL,0,NORMAL,0,0,4443,180,2470,1,0,NORMAL,0,0,0,0,0,0,0,0,0,0,0,0,0,VALID
20:00,32075813523,4419711835,29633575,14722772,0,NORMAL,0,NORMAL,0,NORMAL,16938,261890,3456182,6838682,2150847,4477838,1126059,738627,973395,835508,21882526,1540024,0,NORMAL,0,NORMAL,0,0,4343,178,2311,0,0,NORMAL,0,0,0,0,0,0,0,0,0,0,0,0,0,VALID
20:15,31997233285,4885672414,29984373,15752891,0,NORMAL,0,NORMAL,0,NORMAL,16659,267282,3692423,6976689,2153769,5083234,1398676,776604,986129,857713,21715886,1761779,0,NORMAL,0,NORMAL,0,0,4307,180,2280,1,0,NORMAL,0,0,0,0,0,0,0,0,0,0,0,0,0,VALID
20:30,33503260823,4657184159,31400796,15949286,0,NORMAL,0,NORMAL,0,NORMAL,4868,264448,3848213,7576990,2185730,4827974,1610321,835463,924729,811601,22824627,1602007,0,NORMAL,0,NORMAL,0,0,4458,181,2290,0,0,NORMAL,0,0,0,0,0,0,0,0,0,0,0,0,0,VALID
20:45,35254713383,4648671609,32502200,15981795,0,NORMAL,0,NORMAL,0,NORMAL,16383,264695,3769798,7653296,2268118,4779761,1256626,758766,871495,879368,24303314,1615606,0,NORMAL,0,NORMAL,0,0,4468,180,2406,1,0,NORMAL,0,0,0,0,0,0,0,0,0,0,0,0,0,VALID
21:00,33683910363,4506746275,31191906,15821885,0,NORMAL,0,NORMAL,0,NORMAL,18715,236894,3820705,7719756,2194197,4724961,1250731,724194,879120,888081,23011155,1497348,0,NORMAL,0,NORMAL,0,0,4374,178,2501,0,0,NORMAL,0,0,0,0,0,0,0,0,0,0,0,0,0,VALID
21:15,33854378936,4900274181,31716405,16332658,0,NORMAL,0,NORMAL,0,NORMAL,51764,224651,3993890,7979554,2262264,4583951,1389894,837619,973418,968161,22991372,1709025,0,NORMAL,0,NORMAL,0,0,4375,180,2440,0,0,NORMAL,0,0,0,0,0,0,0,0,0,0,0,0,0,VALID
21:30,35014192213,5347172073,33032737,16416636,0,NORMAL,0,NORMAL,0,NORMAL,69490,242154,4315690,7859373,2292825,4298465,1479165,942560,1058919,1030410,23739326,2013770,0,NORMAL,0,NORMAL,0,0,4430,181,2272,1,0,NORMAL,0,0,0,0,0,0,0,0,0,0,0,0,0,VALID
21:45,36114537069,5071821462,33980674,16534478,0,NORMAL,0,NORMAL,0,NORMAL,144380,245108,4338877,7930179,2278479,4511041,1609215,1038883,1006219,974062,24402290,1805276,0,NORMAL,0,NORMAL,0,0,4362,179,2400,0,0,NORMAL,0,0,0,0,0,0,0,0,0,0,0,0,0,VALID
22:00,36996661124,5023315884,34661257,16770754,0,NORMAL,0,NORMAL,0,NORMAL,98255,232765,4062284,8145576,2337520,4684666,1953285,994989,958548,909962,25152736,1772608,0,NORMAL,0,NORMAL,0,0,4467,181,2407,1,0,NORMAL,0,0,0,0,0,0,0,0,0,0,0,0,0,VALID
22:15,35081780775,4721130591,32901743,15966851,0,NORMAL,0,NORMAL,0,NORMAL,64799,263314,3933513,7702796,2269777,4447882,1876438,957017,902836,855328,23777675,1710674,0,NORMAL,0,NORMAL,0,0,4484,177,2376,0,0,NORMAL,0,0,0,0,0,0,0,0,0,0,0,0,0,VALID
22:30,34350628762,4527761432,31810137,15454620,0,NORMAL,0,NORMAL,0,NORMAL,41431,253345,3483459,7467008,2157335,4317464,1781051,908722,877974,855033,23421767,1623197,0,NORMAL,0,NORMAL,0,0,4606,180,2245,1,0,NORMAL,0,0,0,0,0,0,0,0,0,0,0,0,0,VALID
22:45,32076743792,4077275238,29676453,13906335,0,NORMAL,0,NORMAL,0,NORMAL,30813,278477,3220441,6926506,2094104,3721779,1502954,747376,812595,775853,21980548,1426551,0,NORMAL,0,NORMAL,0,0,4484,180,2294,0,0,NORMAL,0,0,0,0,0,0,0,0,0,0,0,0,0,VALID
23:00,30523674359,3493743368,28163278,12789021,0,NORMAL,0,NORMAL,0,NORMAL,45729,264856,2973488,6431915,1975581,3468931,1451910,822172,779754,708425,20889819,1063249,0,NORMAL,0,NORMAL,0,0,4532,181,2358,0,0,NORMAL,0,0,0,0,0,0,0,0,0,0,0,0,0,VALID
23:15,29824163979,3264153689,27197759,12015346,0,NORMAL,0,NORMAL,0,NORMAL,30319,246292,2565558,6079901,1877198,3300340,1449974,690917,790690,683065,20427542,985304,0,NORMAL,0,NORMAL,0,0,4336,178,2350,1,0,NORMAL,0,0,0,0,0,0,0,0,0,0,0,0,0,VALID
23:30,29549040832,3082908610,27192750,11493565,0,NORMAL,0,NORMAL,0,NORMAL,18137,247185,2529336,5782535,1863181,3205980,1785627,695994,734730,627664,20237466,904292,0,NORMAL,0,NORMAL,0,0,4382,180,2361,0,0,NORMAL,0,0,0,0,0,0,0,0,0,0,0,0,0,VALID
23:45,28768507210,3285063890,26241264,11041525,0,NORMAL,0,NORMAL,0,NORMAL,2428,240773,2428325,5304575,1769418,3035569,1481911,697372,714884,590932,19843133,1142485,0,NORMAL,0,NORMAL,0,0,4360,180,2476,1,0,NORMAL,0,0,0,0,0,0,0,0,0,0,0,0,0,VALID
24:00,28247684729,3207246880,25870469,10927772,0,NORMAL,0,NORMAL,0,NORMAL,19628,246759,2569761,5132948,1734582,3153420,1443379,677920,704894,621843,19380310,1065065,0,NORMAL,0,NORMAL,0,0,4369,179,2689,0,0,NORMAL,0,0,0,0,0,0,0,0,0,0,0,0,0,VALID
